t, x, y, omega, v
1, 0.0, 0.0, 0.0, 0.37123998675692493, 0.7090298066518397, 
2, 0.025, 0.016781765345379097, 0.006496302123443461, 0.3674413096991557, 0.7305923188582928, 
3, 0.05, 0.034091909887328235, 0.013120514758562884, 0.36352884025243226, 0.7521548310647461, 
4, 0.075, 0.05193242973413772, 0.019866627140057075, 0.3595025784167548, 0.773717343271199, 
5, 0.1, 0.07030533810023072, 0.026728439414374118, 0.35536252419212305, 0.7952798554776526, 
6, 0.125, 0.08921266244111177, 0.03369956185038206, 0.35110867757853725, 0.8168423676841058, 
7, 0.15, 0.10865643995174548, 0.04077341366082841, 0.34674103857599736, 0.8384048798905587, 
8, 0.175, 0.1286387138696337, 0.047943222072150585, 0.34225960718450316, 0.8599673920970121, 
9, 0.2, 0.14916153040339483, 0.055202021580527526, 0.3376643834040549, 0.8815299043034653, 
10, 0.225, 0.17022693397113703, 0.06254265283837089, 0.3329553672346525, 0.9030924165099184, 
11, 0.25, 0.19183696234026995, 0.06995776160361875, 0.328132558676296, 0.9246549287163714, 
12, 0.275, 0.21397673782270132, 0.07743479790953492, 0.32325342875186946, 0.9448079907816643, 
13, 0.3, 0.23663124636261296, 0.0849614069167014, 0.3182691034719575, 0.9649610528469573, 
14, 0.325, 0.25980230013153843, 0.0925302521397538, 0.3131795828365604, 0.9851141149122502, 
15, 0.35, 0.28349168692310434, 0.1001338249655641, 0.3079848668456779, 1.0052671769775432, 
16, 0.375, 0.3077011669424908, 0.10776444415157388, 0.3026849554993101, 1.0254202390428362, 
17, 0.4, 0.3324324678301284, 0.115414255127775, 0.297279848797457, 1.0455733011081292, 
18, 0.425, 0.3576872804049045, 0.12307522945261862, 0.2917695467401187, 1.065726363173422, 
19, 0.45, 0.38346725543412374, 0.13073916443926847, 0.28615404932729493, 1.085879425238715, 
20, 0.475, 0.4097739984022199, 0.13839768259010435, 0.280433356558986, 1.1060324873040077, 
21, 0.5, 0.43660906422297957, 0.1460422311431279, 0.27460746843519174, 1.1261855493693005, 
22, 0.525, 0.46403040533524964, 0.1536786367454086, 0.26859731689023486, 1.1510015967578104, 
23, 0.55, 0.49209629223760976, 0.16131110343713242, 0.26245617197847854, 1.1758176441463204, 
24, 0.575, 0.5208086652143532, 0.168928313985318, 0.2561840336999229, 1.2006336915348301, 
25, 0.6, 0.5501693870710203, 0.1765186852782001, 0.24978090205456768, 1.2254497389233403, 
26, 0.625, 0.580180236662294, 0.18407036791355597, 0.24324677704241313, 1.2502657863118503, 
27, 0.65, 0.6108428990276233, 0.19157124576868959, 0.23658165866345912, 1.2750818337003602, 
28, 0.675, 0.642158958594679, 0.19900893580330872, 0.22978554691770567, 1.2998978810888702, 
29, 0.7, 0.6741298920019927, 0.20637078788739657, 0.22285844180515288, 1.32471392847738, 
30, 0.725, 0.706757057114699, 0.21364388484097574, 0.21580034332580061, 1.3495299758658899, 
31, 0.75, 0.7400416846106661, 0.22081504257488763, 0.20861125147964893, 1.3743460232543998, 
32, 0.775, 0.7738728260247095, 0.22784821584303983, 0.20133064722858363, 1.3900179815797582, 
33, 0.8, 0.8081387245800712, 0.23471043022490548, 0.19396749138430797, 1.4056899399051166, 
34, 0.825, 0.8428392217279019, 0.24139282761955075, 0.18652178394682212, 1.421361898230475, 
35, 0.85, 0.8779740480232872, 0.2478864439768128, 0.17899352491612588, 1.4370338565558334, 
36, 0.875, 0.9135428201935542, 0.25418221001507774, 0.17138271429221938, 1.4527058148811918, 
37, 0.9, 0.9495450370161357, 0.2602709523020429, 0.1636893520751026, 1.4683777732065502, 
38, 0.925, 0.9859800744406019, 0.2661433946547773, 0.15591343826477574, 1.4840497315319081, 
39, 0.95, 1.0228471837717366, 0.2717901586920588, 0.14805497286123817, 1.499721689857267, 
40, 0.975, 1.0601454864641646, 0.2772017654556547, 0.14011395586449057, 1.5153936481826253, 
41, 1.0, 1.097873969980569, 0.28236863684635727, 0.13209038727453265, 1.5310656065079835, 
42, 1.025, 1.136024380711542, 0.2872830123326476, 0.12413022007811922, 1.546193161397191, 
43, 1.05, 1.1745883431022608, 0.2919373724649302, 0.11609178980714917, 1.561320716286399, 
44, 1.075, 1.213564457848044, 0.2963223621900298, 0.10797509646162286, 1.5764482711756065, 
45, 1.1, 1.2529511861079123, 0.3004285417256832, 0.09978014004153994, 1.5915758260648143, 
46, 1.125, 1.2927468466574903, 0.3042463878268237, 0.0915069205469007, 1.6067033809540219, 
47, 1.15, 1.3329496119727893, 0.30776629560288965, 0.08315543797770504, 1.6218309358432295, 
48, 1.175, 1.373557503407612, 0.3109785809080355, 0.0747256923339529, 1.636958490732437, 
49, 1.2, 1.4145683895494812, 0.31387348118791236, 0.06621768361564426, 1.6520860456216448, 
50, 1.225, 1.4559799812318395, 0.3164411581002386, 0.05763141182277917, 1.6672136005108527, 
51, 1.25, 1.4977898276199437, 0.31867169973518766, 0.04896687695535781, 1.68234115540006, 
52, 1.275, 1.5396183383994844, 0.3205404917546583, 0.040328680288808476, 1.6672881723179416, 
53, 1.3, 1.581085296203944, 0.3220359571100625, 0.0317681224387128, 1.6522351892358227, 
54, 1.325, 1.6221873136434188, 0.32316764437160717, 0.023285203405071214, 1.6371822061537042, 
55, 1.35, 1.6629211688636927, 0.32394504504951593, 0.014879923187883308, 1.6221292230715854, 
56, 1.375, 1.7032838028469117, 0.3243775917047205, 0.006552281787149365, 1.607076239989467, 
57, 1.4, 1.7432723155607286, 0.3244746553618077, -0.0016977207971306746, 1.5920232569073485, 
58, 1.425, 1.7828839617740948, 0.32424554283682044, -0.009870084564956817, 1.57697027382523, 
59, 1.45, 1.8221161492917617, 0.3236994956514549, -0.017964809516329356, 1.5619172907431111, 
60, 1.475, 1.8609664344126273, 0.3228456872792333, -0.02598189565124789, 1.5468643076609925, 
61, 1.5, 1.8994325182963234, 0.3216932211092776, -0.03392134296971246, 1.5318113245788743, 
62, 1.525, 1.9376829133502127, 0.3205433370868516, -0.02618458877744794, 1.5296103161457804, 
63, 1.55, 1.9758860440687263, 0.31969043378939765, -0.018458959260723145, 1.5274093077126865, 
64, 1.575, 2.014039601812809, 0.3191332871120366, -0.010744454419538389, 1.5252082992795926, 
65, 1.6, 2.052141297347688, 0.3188706569369995, -0.0030410742538935524, 1.5230072908464987, 
66, 1.625, 2.0901888608849415, 0.31890128729079803, 0.004651181236211482, 1.5208062824134048, 
67, 1.65, 2.128180042149946, 0.31922390660605127, 0.012332312050776532, 1.5186052739803109, 
68, 1.675, 2.166112610406323, 0.3198372277911124, 0.020002318189801728, 1.516404265547217, 
69, 1.7, 2.2039843546034596, 0.32073994887970286, 0.027661199653286908, 1.514203257114123, 
70, 1.725, 2.241793083405106, 0.3219307531556035, 0.03530895644123224, 1.5120022486810292, 
71, 1.75, 2.279536625189371, 0.32340830915265434, 0.04294558855363763, 1.5098012402479353, 
72, 1.775, 2.3172484801513673, 0.3251764520620305, 0.05075698879662778, 1.5104690326987769, 
73, 1.8, 2.3549620392364052, 0.32724009767498063, 0.05857184329611925, 1.5111368251496184, 
74, 1.825, 2.3926749777906053, 0.3295995107903959, 0.06639015205211174, 1.5118046176004598, 
75, 1.85, 2.430384966152454, 0.3322549379818997, 0.07421191506460541, 1.5124724100513014, 
76, 1.875, 2.468089669755864, 0.33520660754505466, 0.0820371323336002, 1.513140202502143, 
77, 1.9, 2.5057867491982324, 0.3384547294640899, 0.0898658038590961, 1.5138079949529843, 
78, 1.925, 2.543473860421788, 0.3419994953195535, 0.09769792964109322, 1.514475787403826, 
79, 1.95, 2.5811486548705003, 0.34584107821480176, 0.10553350967959138, 1.5151435798546673, 
80, 1.975, 2.6188087797157023, 0.3499796326704871, 0.11337254397459075, 1.5158113723055089, 
81, 2.0, 2.6564518778620503, 0.35441529462172333, 0.12121503252609117, 1.5164791647563505, 
82, 2.025, 2.694324615344007, 0.35914416122287424, 0.12722324249662034, 1.5368713158047895, 
83, 2.05, 2.732673540437197, 0.3641682298499066, 0.1333117055046111, 1.5572634668532286, 
84, 2.075, 2.7714960217939124, 0.3694965470326886, 0.13948042155006332, 1.5776556179016679, 
85, 2.1, 2.8107892986319363, 0.3751382565771542, 0.14572939063297702, 1.598047768950107, 
86, 2.125, 2.8505504779634165, 0.3811025982338731, 0.1520586127533522, 1.618439919998546, 
87, 2.15, 2.8907765312361926, 0.3873989060632296, 0.1584680879111888, 1.638832071046985, 
88, 2.175, 2.9314642888926183, 0.3940366055936743, 0.164957816106487, 1.659224222095424, 
89, 2.2, 2.9726104390180983, 0.40102521310489103, 0.17152779733924678, 1.6796163731438638, 
90, 2.225, 3.014211522898839, 0.4083743331952903, 0.1781780316094679, 1.7000085241923029, 
91, 2.25, 3.056263930753303, 0.4160936563465537, 0.18490851891715046, 1.7204006752407417, 
92, 2.275, 3.098277191150927, 0.4240272068051411, 0.18836499351184227, 1.7000620697180753, 
93, 2.3, 3.139763637296959, 0.4320090001176757, 0.1917803626313266, 1.6797234641954086, 
94, 2.325, 3.1807237695982242, 0.4400338272196385, 0.19515462627560348, 1.6593848586727418, 
95, 2.35, 3.221158111028305, 0.4480965456831186, 0.1984877844446728, 1.6390462531500751, 
96, 2.375, 3.261067206432507, 0.4561920797076152, 0.20177983713853456, 1.6187076476274087, 
97, 2.4, 3.300451621537177, 0.46431542010722393, 0.20503078435718883, 1.5983690421047423, 
98, 2.425, 3.339311942280666, 0.4724616243037473, 0.2082406261006356, 1.5780304365820759, 
99, 2.45, 3.3776487723938318, 0.48062581623128037, 0.2114093623688749, 1.5576918310594092, 
100, 2.475, 3.4154627331407346, 0.48880318632648284, 0.21453699316190664, 1.5373532255367428, 
101, 2.5, 3.452754463250259, 0.49698899152515214, 0.2176235184797309, 1.5170146200140762, 
102, 2.525, 3.4897271743158855, 0.5052689751629615, 0.22300327372988313, 1.514070154616977, 
103, 2.55, 3.5265831059741517, 0.5137310766622932, 0.22837257694430782, 1.5111256892198779, 
104, 2.575, 3.5633214610383446, 0.522373896388449, 0.23373142812300493, 1.5081812238227785, 
105, 2.6, 3.599941455475106, 0.5311960341936084, 0.23907982726597427, 1.5052367584256794, 
106, 2.625, 3.6364423183633474, 0.540196089492793, 0.244417774373216, 1.5022922930285803, 
107, 2.65, 3.6728232918657664, 0.549372661314288, 0.24974526944473027, 1.4993478276314811, 
108, 2.675, 3.7090836311573647, 0.558724348431268, 0.2550623124805168, 1.496403362234382, 
109, 2.7, 3.7452226043598285, 0.5682497494733652, 0.26036890348057584, 1.4934588968372826, 
110, 2.725, 3.7812394924504535, 0.5779474630814104, 0.2656650424449072, 1.4905144314401835, 
111, 2.75, 3.81713358925999, 0.5878160879111562, 0.2709507293735108, 1.4875699660430843, 
112, 2.775, 3.853107599527993, 0.5978212256418979, 0.27158070421195535, 1.4995835867657148, 
113, 2.8, 3.8893645811056072, 0.607929774800909, 0.2722157462681643, 1.5115972074883457, 
114, 2.825, 3.925904365714654, 0.6181422824811493, 0.27285585554213765, 1.5236108282109766, 
115, 2.85, 3.9627267831429713, 0.628459299965551, 0.2735010320338753, 1.535624448933607, 
116, 2.875, 3.9998316612172196, 0.63888138271778, 0.27415127574337744, 1.5476380696562377, 
117, 2.9, 4.037218825802882, 0.6494090903822345, 0.27480658667064395, 1.5596516903788682, 
118, 2.925, 4.074888100804266, 0.6600429867840459, 0.27546696481567484, 1.5716653111014989, 
119, 2.95, 4.112839308154648, 0.6707836399256994, 0.2761324101784701, 1.58367893182413, 
120, 2.975, 4.151072267767097, 0.6816316219701544, 0.2768029227590298, 1.5956925525467607, 
121, 3.0, 4.189586797541961, 0.6925875092433343, 0.2774785025573538, 1.6077061732693911, 
122, 3.025, 4.228170735430488, 0.7037395228485289, 0.28525106458350646, 1.6053629303794403, 
123, 3.05, 4.266610744855752, 0.7151741719176148, 0.2930122897848871, 1.6030196874894895, 
124, 3.075, 4.304904899218828, 0.7268894602781641, 0.30076217816149553, 1.6006764445995387, 
125, 3.1, 4.343051296979589, 0.7388833819670997, 0.30850072971333176, 1.598333201709588, 
126, 3.125, 4.381048061647064, 0.7511539214029008, 0.31622794444039576, 1.5959899588196371, 
127, 3.15, 4.418893341759014, 0.7636990536780939, 0.3239438223426876, 1.5936467159296863, 
128, 3.175, 4.456585310884024, 0.7765167446417311, 0.3316483634202072, 1.5913034730397355, 
129, 3.2, 4.494122167555188, 0.7896049515845335, 0.3393415676729548, 1.5889602301497847, 
130, 3.225, 4.531502135253971, 0.8029616234094781, 0.34702343510093003, 1.586616987259834, 
131, 3.25, 4.568723462410213, 0.8165847006317998, 0.3546939657041331, 1.584273744369883, 
132, 3.275, 4.606059602652258, 0.8305287617516008, 0.36016953067168944, 1.604133433988996, 
133, 3.3, 4.643782496646019, 0.8448545867653723, 0.36571330714089034, 1.6239931236081095, 
134, 3.325, 4.681888053391417, 0.8595694547316846, 0.3713252951117358, 1.643852813227223, 
135, 3.35, 4.720372061170136, 0.8746806995795614, 0.3770054945842256, 1.663712502846336, 
136, 3.375, 4.759230185734864, 0.8901957086586872, 0.3827539055583599, 1.6835721924654492, 
137, 3.4, 4.798457968454091, 0.906121921276557, 0.3885705280341387, 1.7034318820845624, 
138, 3.425, 4.838050822420533, 0.9224668253900032, 0.39445536201156206, 1.7232915717036754, 
139, 3.45, 4.878004031264509, 0.9392379565916845, 0.40040840749062995, 1.743151261322789, 
140, 3.475, 4.918312747345209, 0.956442896510411, 0.4064296644713422, 1.7630109509419023, 
141, 3.5, 4.958971988145822, 0.9740892695806727, 0.4125191329536989, 1.7828706405610153, 
142, 3.525, 4.999872991214624, 0.9919459890513739, 0.4107633879954447, 1.7874559497170703, 
143, 3.55, 5.040910460518424, 1.0097764583934083, 0.40900313329096455, 1.7920412588731254, 
144, 3.575, 5.082084510147976, 1.0275800671528856, 0.4072383688402586, 1.7966265680291804, 
145, 3.6, 5.123395252751287, 1.0453562028283534, 0.4054690946433268, 1.8012118771852355, 
146, 3.625, 5.164842799499478, 1.063104250872141, 0.4036953107001692, 1.8057971863412905, 
147, 3.65, 5.20642726008679, 1.0808235946903566, 0.4019170170107857, 1.8103824954973455, 
148, 3.675, 5.2481487427305815, 1.0985136156428896, 0.40013421357517637, 1.8149678046534006, 
149, 3.7, 5.2900073541702435, 1.116173693043462, 0.39834690039334114, 1.8195531138094558, 
150, 3.725, 5.332003199620416, 1.1338032041618402, 0.39655507746528007, 1.8241384229655109, 
151, 3.75, 5.374136382753954, 1.1514015242247702, 0.3947587447909932, 1.828723732121566, 
152, 3.775, 5.416361214321931, 1.1690425868490633, 0.39673504388452113, 1.8322218708044968, 
153, 3.8, 5.45863169316639, 1.186801016166248, 0.39871511979915375, 1.8357200094874278, 
154, 3.825, 5.500947452350129, 1.2046772215017731, 0.400698972534891, 1.8392181481703587, 
155, 3.85, 5.543308122788838, 1.2226716119619534, 0.402686602091733, 1.8427162868532896, 
156, 3.875, 5.585713333240467, 1.2407845964156403, 0.4046780084696796, 1.8462144255362205, 
157, 3.9, 5.628162710305227, 1.2590165834942217, 0.40667319166873095, 1.8497125642191514, 
158, 3.925, 5.670655878425586, 1.2773679815916223, 0.40867215168888693, 1.8532107029020823, 
159, 3.95, 5.713192459880633, 1.2958391988543885, 0.41067488853014766, 1.8567088415850135, 
160, 3.975, 5.755772074767991, 1.314430643149887, 0.41268140219251304, 1.8602069802679444, 
161, 4.0, 5.7983943410071825, 1.3331427220718863, 0.41469169267598305, 1.8637051189508753, 
162, 4.025, 5.840935956114405, 1.351804979291303, 0.4121131862466365, 1.8526974910151413, 
163, 4.05, 5.883273117179993, 1.3702479026937886, 0.40954995439455355, 1.8416898630794074, 
164, 4.075, 5.925404700948222, 1.3884733111772438, 0.40700199711973406, 1.8306822351436733, 
165, 4.1, 5.967329598717195, 1.4064830170276612, 0.40446931442217815, 1.8196746072079397, 
166, 4.125, 6.009046716232516, 1.42427882583188, 0.40195190630188565, 1.8086669792722054, 
167, 4.15, 6.050554973656272, 1.4418625364528233, 0.3994497727588567, 1.7976593513364711, 
168, 4.175, 6.091853305367906, 1.4592359408680553, 0.39696291379309134, 1.7866517234007373, 
169, 4.2, 6.132940659861223, 1.4764008240882838, 0.3944913294045894, 1.7756440954650032, 
170, 4.225, 6.173815999527406, 1.493358963988726, 0.3920350195933512, 1.7646364675292696, 
171, 4.25, 6.214478300634408, 1.5101121312929102, 0.38959398435937637, 1.7536288395935355, 
172, 4.275, 6.254927701625393, 1.5267078039227928, 0.3890837516980549, 1.7440919561602568, 
173, 4.3, 6.295164917298994, 1.5431925048214292, 0.3885763014368729, 1.7345550727269785, 
174, 4.325, 6.335189799697638, 1.559566565614341, 0.3880716335758303, 1.7250181892936998, 
175, 4.35, 6.375002201955852, 1.575830316229825, 0.3875697481149271, 1.7154813058604215, 
176, 4.375, 6.414601978286263, 1.5919840848922253, 0.38707064505416333, 1.7059444224271427, 
177, 4.4, 6.453988983979578, 1.6080281981219275, 0.38657432439353895, 1.6964075389938638, 
178, 4.425, 6.493163075404592, 1.6239629807353608, 0.386080786133054, 1.6868706555605855, 
179, 4.45, 6.5321241100081995, 1.6397887558450017, 0.38559003027270844, 1.677333772127307, 
180, 4.475, 6.570871946313874, 1.655505844858651, 0.38510205681250237, 1.6677968886940282, 
181, 4.5, 6.6094064439000615, 1.6711145674691221, 0.38461686575243564, 1.6582600052607495, 
182, 4.525, 6.647577908907221, 1.6865317504306334, 0.38309872887451096, 1.6351278885730551, 
183, 4.55, 6.68523602782409, 1.7016756074243033, 0.381601918193524, 1.6119957718853617, 
184, 4.575, 6.722379747449482, 1.7165485138595422, 0.3801264337094747, 1.5888636551976676, 
185, 4.6, 6.759008035323166, 1.7311528137366385, 0.3786722754223631, 1.5657315385099742, 
186, 4.625, 6.795119879529301, 1.7454908195521044, 0.3772394433321891, 1.54259942182228, 
187, 4.65, 6.8307142886194265, 1.7595648122623182, 0.3758279374389529, 1.5194673051345853, 
188, 4.675, 6.865790291247629, 1.7733770411091538, 0.3744377577426543, 1.4963351884468918, 
189, 4.7, 6.900346935965051, 1.7869297235241215, 0.3730689042432934, 1.4732030717591975, 
190, 4.725, 6.934383290826777, 1.8002250449462944, 0.37172137694087026, 1.450070955071504, 
191, 4.75, 6.967898443366314, 1.8132651588103912, 0.3703951758353847, 1.42693883838381, 
192, 4.775, 7.0012220825164295, 1.8261987670200748, 0.37005324077318863, 1.43270383577318, 
193, 4.8, 7.034684528864739, 1.8391730588660196, 0.36970992703892364, 1.43846883316255, 
194, 4.825, 7.068285832130489, 1.8521878944182462, 0.3693652346325898, 1.44423383055192, 
195, 4.85, 7.102026042153632, 1.8652431331557384, 0.36901916355418707, 1.4499988279412899, 
196, 4.875, 7.135905208890066, 1.8783386339649166, 0.3686717138037155, 1.45576382533066, 
197, 4.9, 7.16992338241163, 1.8914742551396349, 0.3683228853811751, 1.46152882272003, 
198, 4.925, 7.204080612906109, 1.9046498543811825, 0.36797267828656577, 1.4672938201094, 
199, 4.95, 7.2383769506772335, 1.9178652887982843, 0.3676210925198876, 1.4730588174987698, 
200, 4.975, 7.272812446144672, 1.931120414907099, 0.3672681280811406, 1.4788238148881396, 
201, 5.0, 7.307387149844044, 1.9444150886312217, 0.36691378497032473, 1.4845888122775097, 
202, 5.025, 7.341964855646767, 1.9577698471487481, 0.3702359500776891, 1.4807777577889718, 
203, 5.05, 7.376409298233313, 1.9712046357444235, 0.37354957596944893, 1.4769667033004341, 
204, 5.075, 7.410720443592148, 1.9847184245071658, 0.37685466264560435, 1.4731556488118962, 
205, 5.1, 7.444898263120788, 1.998310186844082, 0.38015121010615516, 1.4693445943233585, 
206, 5.125, 7.4789427335574965, 2.0119788995081356, 0.38343921835110156, 1.4655335398348206, 
207, 5.15, 7.512853836981286, 2.0257235425981417, 0.3867186873804434, 1.4617224853462827, 
208, 5.175, 7.5466315608066, 2.0395430995608486, 0.3899896171941808, 1.457911430857745, 
209, 5.2, 7.580275897674784, 2.053436557233542, 0.39325200779231373, 1.454100376369207, 
210, 5.225, 7.613786845410567, 2.0674029058605305, 0.39650585917484205, 1.4502893218806694, 
211, 5.25, 7.647164406989004, 2.08144113910481, 0.39975117134176597, 1.4464782673921317, 
212, 5.275, 7.680522137989789, 2.095482871190279, 0.3971089309777069, 1.4489351754918172, 
213, 5.3, 7.713973559721116, 2.109460020817711, 0.39446220645835894, 1.4513920835915026, 
214, 5.325, 7.747518625888394, 2.1233720400650444, 0.39181099778372197, 1.453848991691188, 
215, 5.35, 7.781157287866044, 2.1372183798772673, 0.3891553049537962, 1.4563058997908735, 
216, 5.375, 7.814889494668886, 2.150998490082325, 0.3864951279685814, 1.458762807890559, 
217, 5.4, 7.84871519295213, 2.1647118193911146, 0.3838304668280777, 1.4612197159902445, 
218, 5.425, 7.88263432701138, 2.1783578153974883, 0.3811613215322851, 1.46367662408993, 
219, 5.45, 7.916646838780529, 2.191935924579454, 0.3784876920812034, 1.4661335321896154, 
220, 5.475, 7.950752667787719, 2.205445592324224, 0.375809578474833, 1.4685904402893009, 
221, 5.5, 7.98495175114867, 2.2188862629322217, 0.3731269807131735, 1.4710473483889863, 
222, 5.525, 8.019436188908239, 2.2323990523412487, 0.3737978220210199, 1.4919478676999458, 
223, 5.55, 8.0543978569816, 2.2461260983740616, 0.37447812735475006, 1.5128483870109044, 
224, 5.575, 8.089836349475586, 2.2600683873237046, 0.3751678967143639, 1.533748906321864, 
225, 5.6, 8.125751253688083, 2.2742269187332305, 0.3758671300998615, 1.5546494256328225, 
226, 5.625, 8.162142150034992, 2.288602705364018, 0.3765758275112429, 1.575549944943782, 
227, 5.65, 8.19900861205021, 2.303196773195768, 0.37729398894850796, 1.5964504642547408, 
228, 5.675, 8.236350206382642, 2.3180101614251902, 0.3780216144116568, 1.6173509835657005, 
229, 5.7, 8.274166492688515, 2.3330439224189337, 0.3787587039006894, 1.63825150287666, 
230, 5.725, 8.312457023570408, 2.348299121686795, 0.3795052574156057, 1.6591520221876186, 
231, 5.75, 8.351221344548756, 2.363776837868876, 0.38026127495640577, 1.6800525414985779, 
232, 5.775, 8.390270040735402, 2.3795732966292036, 0.38855355111868173, 1.6897796921464787, 
233, 5.8, 8.42941068509168, 2.3957870077980794, 0.39689369923056905, 1.6995068427943794, 
234, 5.825, 8.468638226517935, 2.412422464795804, 0.4052817192920684, 1.7092339934422802, 
235, 5.85, 8.507947515757674, 2.4294841304614887, 0.41371761130317913, 1.7189611440901809, 
236, 5.875, 8.547333304981693, 2.4469764357480286, 0.42220137526390195, 1.7286882947380817, 
237, 5.9, 8.586790247316268, 2.4649037783455903, 0.4307330111742364, 1.7384154453859826, 
238, 5.925, 8.626312896066533, 2.4832705199291127, 0.4393125190341822, 1.7481425960338832, 
239, 5.95, 8.665895704052158, 2.502080983708983, 0.44793989884373997, 1.757869746681784, 
240, 5.975, 8.705533023575653, 2.521339454307838, 0.45661515060290925, 1.7675968973296847, 
241, 6.0, 8.745219105746713, 2.541050175011669, 0.4653382743116904, 1.7773240479775858, 
242, 6.025, 8.78521743234821, 2.5609853138944128, 0.4593942203912614, 1.797952633959941, 
243, 6.05, 8.825797151873957, 2.5809082528099516, 0.4533815746172282, 1.8185812199422953, 
244, 6.075, 8.866960897036112, 2.600809921196156, 0.44730033698959043, 1.8392098059246507, 
245, 6.1, 8.908711240014835, 2.620681112489028, 0.4411505075083485, 1.859838391907005, 
246, 6.125, 8.951050690178185, 2.640512483914103, 0.4349320861735019, 1.8804669778893606, 
247, 6.15, 8.993981691277485, 2.660294556193517, 0.4286450729850509, 1.9010955638717157, 
248, 6.175, 9.037506617892767, 2.6800177132884424, 0.42228946794299577, 1.9217241498540703, 
249, 6.2, 9.081627768627932, 2.6996722020672133, 0.415865271047336, 1.9423527358364256, 
250, 6.225, 9.126347365711762, 2.719248132284326, 0.40937248229807216, 1.96298132181878, 
251, 6.25, 9.171667553427248, 2.7387354765366183, 0.4028111016952036, 1.9836099078011353, 
252, 6.275, 9.217364298536053, 2.757989920554642, 0.3947433898827054, 1.9834056678562315, 
253, 6.3, 9.263210165148559, 2.7768731482657, 0.38667650879495996, 1.9832014279113277, 
254, 6.325, 9.309202122733339, 2.7953840450892877, 0.37861045843196667, 1.982997187966424, 
255, 6.35, 9.355337132885305, 2.813521521308992, 0.37054523879372614, 1.9827929480215203, 
256, 6.375, 9.401612149535673, 2.831284512126903, 0.36248084988023777, 1.9825887080766167, 
257, 6.4, 9.448024118955052, 2.8486719776643437, 0.35441729169150177, 1.9823844681317129, 
258, 6.425, 9.494569980031125, 2.8656829030298105, 0.34635456422751865, 1.982180228186809, 
259, 6.45, 9.541246664523264, 2.882316298382456, 0.33829266748828773, 1.9819759882419055, 
260, 6.475, 9.588051097323579, 2.8985711989869696, 0.33023160147380964, 1.9817717482970016, 
261, 6.5, 9.634980196582761, 2.9144466652420196, 0.32217136618408376, 1.981567508352098, 
262, 6.525, 9.682285108201032, 2.930115396259607, 0.31753850466361383, 2.0050246094563233, 
263, 6.55, 9.730220060215377, 2.9457453043421222, 0.31285112364484774, 2.0284817105605475, 
264, 6.575, 9.778786555982142, 2.9613282059112036, 0.30810922312778516, 2.0519388116647725, 
265, 6.6, 9.827986051591548, 2.9768558070910447, 0.3033128031124264, 2.0753959127689967, 
266, 6.625, 9.877819954385807, 2.9923197036558893, 0.29846186359877097, 2.098853013873222, 
267, 6.65, 9.92828962055551, 3.007711380961411, 0.2935564045868193, 2.1223101149774477, 
268, 6.675, 9.979396354407875, 3.0230222138681686, 0.2885964260765715, 2.145767216081672, 
269, 6.7, 10.031141402002064, 3.0382434667755285, 0.2835819280680272, 2.1692243171858974, 
270, 6.725, 10.083525950111184, 3.053366293624888, 0.2785129105611867, 2.1926814182901215, 
271, 6.75, 10.136551126217089, 3.0683817378997973, 0.27338937355604953, 2.2161385193943475, 
272, 6.775, 10.189724131430177, 3.0835772672253428, 0.2833226853111699, 2.208011743383953, 
273, 6.8, 10.242549077162703, 3.0992414955052556, 0.29321950382131373, 2.1998849673735594, 
274, 6.825, 10.29502250428694, 3.11536710520015, 0.3030798290864819, 2.191758191363165, 
275, 6.85, 10.347141076181442, 3.131946784089882, 0.3129036611066737, 2.183631415352771, 
276, 6.875, 10.398901577934785, 3.1489732264505, 0.32269099988188993, 2.175504639342377, 
277, 6.9, 10.450300915482094, 3.1664391343848868, 0.3324418454121299, 2.1673778633319825, 
278, 6.925, 10.501336114074038, 3.184337219946488, 0.34215619769739347, 2.1592510873215884, 
279, 6.95, 10.55200431644908, 3.2026602075975275, 0.3518340567376812, 2.1511243113111944, 
280, 6.975, 10.60230278277911, 3.2214008342828606, 0.3614754225329928, 2.1429975353008, 
281, 7.0, 10.652228889511775, 3.2405518509175626, 0.3710802950833284, 2.134870759290406, 
282, 7.025, 10.701892656891339, 3.260031190756561, 0.3764903595750994, 2.132918485611434, 
283, 7.05, 10.751405022754303, 3.279760738971415, 0.3818954744660803, 2.1309662119324617, 
284, 7.075, 10.80076483354526, 3.29973918392773, 0.38729563975627157, 2.1290139382534896, 
285, 7.1, 10.849970946499072, 3.3199652100881103, 0.3926908554456728, 2.1270616645745175, 
286, 7.125, 10.899022229635037, 3.340437498103577, 0.39808112153428415, 2.1251093908955454, 
287, 7.15, 10.947917561756888, 3.3611547248135665, 0.40346643802210563, 2.1231571172165733, 
288, 7.175, 10.996655832446987, 3.3821155633224285, 0.4088468049091373, 2.1212048435376007, 
289, 7.2, 11.045235942055385, 3.403318683149807, 0.4142222221953791, 2.1192525698586286, 
290, 7.225, 11.093656801693049, 3.4247627502892524, 0.4195926898808308, 2.1173002961796565, 
291, 7.25, 11.141917333225189, 3.446446427281522, 0.4249582079654928, 2.1153480225006844, 
292, 7.275, 11.189886157589935, 3.4684462127485554, 0.43505123568187964, 2.106516827092491, 
293, 7.3, 11.237431231395558, 3.490833959200955, 0.44510203869273945, 2.097685631684298, 
294, 7.325, 11.28455058766839, 3.513601382306642, 0.455110616998073, 2.0888544362761046, 
295, 7.35, 11.33124239001318, 3.5367402329832043, 0.4650769705978795, 2.080023240867911, 
296, 7.375, 11.377504931391664, 3.56024229850329, 0.4750010994921599, 2.0711920454597177, 
297, 7.4, 11.42333663274774, 3.58409940378698, 0.4848830036809135, 2.0623608500515243, 
298, 7.425, 11.46873604082824, 3.608303413260827, 0.4947226831641401, 2.053529654643331, 
299, 7.45, 11.513701825182824, 3.632846233321537, 0.5045201379418404, 2.0446984592351374, 
300, 7.475, 11.558232778052412, 3.657719812428562, 0.5142753680140136, 2.0358672638269444, 
301, 7.5, 11.602327813046596, 3.6829161421398515, 0.5239883733806605, 2.027036068418751, 
302, 7.525, 11.64604120838035, 3.7082881698487746, 0.5278041897170074, 2.0164110323395525, 
303, 7.55, 11.689428503227314, 3.7336921631650206, 0.5315999522798114, 2.005785996260354, 
304, 7.575, 11.732490600915732, 3.7591251458447217, 0.5353756610690729, 1.9951609601811557, 
305, 7.6, 11.775228417601763, 3.784584164640574, 0.5391313160847914, 1.9845359241019576, 
306, 7.625, 11.81764288193712, 3.810066289275381, 0.5428669173269675, 1.973910888022759, 
307, 7.65, 11.85973493506432, 3.835568612441573, 0.5465824647956008, 1.96328585194356, 
308, 7.675, 11.901505530184416, 3.861088249760896, 0.5502779584906913, 1.9526608158643617, 
309, 7.7, 11.942955632157842, 3.8866223397488926, 0.5539533984122391, 1.942035779785163, 
310, 7.725, 11.984086217112589, 3.9121680437649884, 0.5576087845602441, 1.9314107437059649, 
311, 7.75, 12.024898272251615, 3.937722545991043, 0.5612441169347064, 1.9207857076267665, 
312, 7.775, 12.065708850469829, 3.9634530207951486, 0.5638242237507852, 1.9387992809271806, 
313, 7.8, 12.106832915085482, 3.989530362733757, 0.5664284144740157, 1.9568128542275938, 
314, 7.825, 12.148268303133447, 4.015957366300348, 0.5690566891043981, 1.974826427528008, 
315, 7.85, 12.190012818923408, 4.042736842657856, 0.5717090476419321, 1.9928400008284215, 
316, 7.875, 12.232064233797274, 4.069871619409158, 0.5743854900866179, 2.0108535741288356, 
317, 7.9, 12.274420286004348, 4.097364540475543, 0.5770860164384555, 2.0288671474292492, 
318, 7.925, 12.317078680254202, 4.1252184656707485, 0.5798106266974448, 2.046880720729663, 
319, 7.95, 12.360037087409346, 4.1534362703955, 0.582559320863586, 2.064894294030077, 
320, 7.975, 12.403293143956722, 4.182020845109267, 0.5853320989368788, 2.0829078673304906, 
321, 8.0, 12.446844451984303, 4.210975095307121, 0.5881289609173234, 2.1009214406309042, 
322, 8.025, 12.490600076545832, 4.240176670070069, 0.5888619070285486, 2.1074791283568164, 
323, 8.05, 12.534470549246956, 4.269501463499855, 0.5895971373480559, 2.114036816082728, 
324, 8.075, 12.578455645424901, 4.298949760376016, 0.5903346518758454, 2.1205945038086393, 
325, 8.1, 12.622555139362689, 4.328521846099654, 0.5910744506119173, 2.1271521915345515, 
326, 8.125, 12.666768804277336, 4.358218006682418, 0.5918165335562715, 2.1337098792604636, 
327, 8.15, 12.711096412319849, 4.388038528746517, 0.5925609007089079, 2.1402675669863753, 
328, 8.175, 12.755537734575231, 4.417983699524706, 0.5933075520698264, 2.1468252547122875, 
329, 8.2, 12.80009254106248, 4.448053806860301, 0.5940564876390272, 2.153382942438199, 
330, 8.225, 12.84476060073459, 4.478249139207169, 0.5948077074165103, 2.159940630164111, 
331, 8.25, 12.889541681473073, 4.508569985624588, 0.5955612114022757, 2.166498317890023, 
332, 8.275, 12.93421261378342, 4.53875867743266, 0.5930392267481156, 2.1467192076515373, 
333, 8.3, 12.978548803184678, 4.568559288523478, 0.5905403722107182, 2.126940097413052, 
334, 8.325, 13.022547905018682, 4.597974709378319, 0.5880646477900837, 2.1071609871745682, 
335, 8.35, 13.066207608396425, 4.62700781275678, 0.5856120534862117, 2.0873818769360826, 
336, 8.375, 13.109525635955094, 4.655661453463597, 0.5831825892991025, 2.067602766697597, 
337, 8.4, 13.152499743748425, 4.683938468246089, 0.580776255228756, 2.0478236564591117, 
338, 8.425, 13.195127720795888, 4.7118416753651085, 0.5783930512751722, 2.028044546220626, 
339, 8.45, 13.237407388803737, 4.7393738743387095, 0.5760329774383512, 2.0082654359821417, 
340, 8.475, 13.279336601656087, 4.766537845477671, 0.5736960337182929, 1.9884863257436562, 
341, 8.5, 13.320913245387505, 4.7933363498602315, 0.5713822201149974, 1.968707215505171, 
342, 8.525, 13.362318804086058, 4.819874759554917, 0.5685749388673564, 1.9657226084683137, 
343, 8.55, 13.403735711956427, 4.846256829124974, 0.5657719167534355, 1.9627380014314566, 
344, 8.575, 13.445163306494498, 4.872482880503448, 0.5629731537732348, 1.9597533943945997, 
345, 8.6, 13.486600928094116, 4.898553237607456, 0.5601786499267538, 1.9567687873577424, 
346, 8.625, 13.528047920046932, 4.924468226298236, 0.5573884052139928, 1.9537841803208853, 
347, 8.65, 13.569503628542405, 4.950228174381153, 0.5546024196349519, 1.950799573284028, 
348, 8.675, 13.610967402667814, 4.975833411605695, 0.5518206931896309, 1.9478149662471707, 
349, 8.7, 13.652438594408144, 5.001284269657555, 0.5490432258780303, 1.9448303592103138, 
350, 8.725, 13.69391655864523, 5.026581082089558, 0.5462700177001495, 1.9418457521734567, 
351, 8.75, 13.735400653157491, 5.05172418432669, 0.5435010686559886, 1.9388611451365994, 
352, 8.775, 13.776500926008577, 5.076825397724374, 0.5530442267593199, 1.913885153899688, 
353, 8.8, 13.816831599315975, 5.1019846809945815, 0.5624636550270163, 1.8889091626627768, 
354, 8.825, 13.856398433251949, 5.1271848315202435, 0.5717593534590774, 1.8639331714258671, 
355, 8.85, 13.895207360570257, 5.1524089846851835, 0.5809313220555041, 1.838957180188956, 
356, 8.875, 13.933264477836401, 5.177640612759379, 0.5899795608162965, 1.8139811889520434, 
357, 8.9, 13.970576036714546, 5.202863523964171, 0.5989040697414536, 1.789005197715132, 
358, 8.925, 14.00714842558841, 5.228061859276953, 0.607704848830976, 1.7640292064782206, 
359, 8.95, 14.042988161466797, 5.253220090980499, 0.6163818980848627, 1.7390532152413112, 
360, 8.975, 14.078101886066515, 5.278323021855915, 0.6249352175031156, 1.7140772240043987, 
361, 9.0, 14.112496346873902, 5.303355781185011, 0.6333648070857333, 1.6891012327674875, 
362, 9.025, 14.146678379741418, 5.328302023707986, 0.6275371812277495, 1.6962615707550923, 
363, 9.05, 14.181150723024901, 5.353152901000055, 0.6216849034944836, 1.7034219087426972, 
364, 9.075, 14.215914034075636, 5.377905012485491, 0.6158079738859361, 1.7105822467303016, 
365, 9.1, 14.250968942713369, 5.402554932340444, 0.6099063924021061, 1.7177425847179064, 
366, 9.125, 14.286316050773316, 5.427099209586706, 0.6039801590429943, 1.724902922705511, 
367, 9.15, 14.32195593206175, 5.451534368102247, 0.5980292738086002, 1.732063260693116, 
368, 9.175, 14.357889131587068, 5.475856906793819, 0.5920537366989239, 1.739223598680721, 
369, 9.2, 14.394116165128835, 5.50006329969435, 0.5860535477139662, 1.7463839366683251, 
370, 9.225, 14.430637518439752, 5.524149996176259, 0.580028706853726, 1.75354427465593, 
371, 9.25, 14.467453647067444, 5.548113420996452, 0.5739792141182037, 1.7607046126435348, 
372, 9.275, 14.504584548065745, 5.572124623119756, 0.5740731774862573, 1.7767445363702532, 
373, 9.3, 14.542049888656596, 5.596357110593741, 0.5741679929741256, 1.7927844600969716, 
374, 9.325, 14.579849606556822, 5.620810978975818, 0.5742636605818084, 1.8088243838236888, 
375, 9.35, 14.617983638908715, 5.645486324672587, 0.5743601803093061, 1.8248643075504074, 
376, 9.375, 14.656451922278016, 5.6703832449384945, 0.5744575521566184, 1.8409042312771258, 
377, 9.4, 14.695254392653913, 5.69550183787585, 0.5745557761237454, 1.8569441550038441, 
378, 9.425, 14.734390985449053, 5.720842202434819, 0.5746548522106872, 1.8729840787305625, 
379, 9.45, 14.773861635499523, 5.746404438413422, 0.5747547804174437, 1.88902400245728, 
380, 9.475, 14.813666277064872, 5.772188646457542, 0.5748555607440148, 1.9050639261839981, 
381, 9.5, 14.853804843828096, 5.79819492806091, 0.5749571931904006, 1.9211038499107163, 
382, 9.525, 14.89396046227606, 5.824019492626394, 0.568078546568852, 1.8983334410144883, 
383, 9.55, 14.933810834278164, 5.849264250570622, 0.5612819170531204, 1.8755630321182604, 
384, 9.575, 14.973347907437383, 5.87393784091279, 0.554567304643206, 1.852792623222034, 
385, 9.6, 15.012563827570306, 5.898048878530122, 0.547934709339108, 1.830022214325806, 
386, 9.625, 15.051450936486058, 5.921605951307758, 0.5413841311408265, 1.8072518054295768, 
387, 9.65, 15.090001769774188, 5.944617617187205, 0.5349155700483622, 1.7844813965333486, 
388, 9.675, 15.128209052006246, 5.96709239840793, 0.5285290260617147, 1.7617109876371206, 
389, 9.7, 15.166065693458723, 5.989038777627825, 0.5222244991808846, 1.7389405787408945, 
390, 9.725, 15.203564789758264, 6.01046519751796, 0.5160019894058706, 1.7161701698446654, 
391, 9.75, 15.240699616892178, 6.031380055104614, 0.5098614967366737, 1.6933997609484375, 
392, 9.775, 15.277780132906729, 6.051981237035253, 0.5043724103273902, 1.7001262003264295, 
393, 9.8, 15.315120837291936, 6.072459025718647, 0.49886156365612927, 1.7068526397044217, 
394, 9.825, 15.352721932954779, 6.092810361583894, 0.49332895672289095, 1.7135790790824132, 
395, 9.85, 15.390583597443605, 6.113032167067054, 0.48777458952767466, 1.7203055184604052, 
396, 9.875, 15.428705982580073, 6.133121346737163, 0.4821984620704807, 1.7270319578383975, 
397, 9.9, 15.467089214448338, 6.1530747873002785, 0.47660057435130904, 1.7337583972163897, 
398, 9.925, 15.505733392865059, 6.1728893577914965, 0.47098092637015987, 1.740484836594382, 
399, 9.95, 15.544638590967539, 6.192561909721751, 0.46533951812703345, 1.7472112759723735, 
400, 9.975, 15.58380485469766, 6.2120892772888165, 0.459676349621929, 1.7539377153503655, 
401, 10.0, 15.623232202602034, 6.231468277455119, 0.453991420854847, 1.7606641547283577, 
